{"action": {"mean": [0.006987481843680143, 0.006265954114496708, -0.012625117786228657, 0.04333192855119705, -0.005756153725087643, 0.0009130946709774435, 0.5354204773902893], "std": [0.06921210139989853, 0.05965450406074524, 0.07353123277425766, 0.1561002880334854, 0.13164201378822327, 0.14593252539634705, 0.49710333347320557], "max": [2.9984593391418457, 22.09052848815918, 2.7507524490356445, 1.570636510848999, 1.5321086645126343, 1.5691522359848022, 1.0], "min": [-2.0204520225524902, -5.497899532318115, -2.031663417816162, -1.569917917251587, -1.569892168045044, -1.570419430732727, 0.0]}, "proprio": {"mean": [0.5599008798599243, -0.08334138244390488, 0.7771017551422119, -0.24804525077342987, 0.4951433837413788, 0.09266138821840286, 0.2097489982843399, 0.4261351227760315], "std": [0.12432703375816345, 0.1155841276049614, 0.24595637619495392, 0.5126786231994629, 0.5218111276626587, 0.16630464792251587, 0.2754713296890259, 0.4554639756679535], "max": [1.0534898042678833, 0.48018959164619446, 1.6896663904190063, 0.9999993443489075, 0.9999874830245972, 0.9554369449615479, 0.9914546012878418, 1.0], "min": [-0.4436439275741577, -0.9970501065254211, -0.006579156965017319, -0.8643477559089661, -0.7079970240592957, -0.7688722014427185, -0.4999994933605194, 0.0]}, "num_transitions": 3786400, "num_trajectories": 87212}